{"cameraMode":{"drawMode":0,"name":"Shaded","section":"Shading Mode"},"sceneLighting":false,"audioPlay":false,"sceneViewState":{"showFog":true,"showMaterialUpdate":false,"showSkybox":true,"showFlares":true,"showImageEffects":true,"showParticleSystems":true},"in2DMode":false,"pivot":{"x":2.2412619590759279,"y":0.5602779388427734,"z":1.7927255630493165},"rotation":{"x":0.2716169059276581,"y":0.13311657309532166,"z":-0.03796007111668587,"w":0.9524211883544922},"size":7.525132179260254,"orthographic":false}