{"cameraMode":{"drawMode":0,"name":"Shaded","section":"Shading Mode"},"sceneLighting":false,"audioPlay":false,"sceneViewState":{"showFog":true,"showMaterialUpdate":false,"showSkybox":true,"showFlares":true,"showImageEffects":true,"showParticleSystems":true},"in2DMode":false,"pivot":{"x":2.2412619590759279,"y":0.5602779388427734,"z":1.7927255630493165},"rotation":{"x":-0.1822357475757599,"y":-0.023008080199360849,"z":0.004268759395927191,"w":-0.9829820394515991},"size":5.63228178024292,"orthographic":false}