{"cameraMode":{"drawMode":0,"name":"Shaded","section":"Shading Mode"},"sceneLighting":false,"audioPlay":false,"sceneViewState":{"showFog":true,"showMaterialUpdate":false,"showSkybox":true,"showFlares":true,"showImageEffects":true,"showParticleSystems":true},"in2DMode":false,"pivot":{"x":2.2412619590759279,"y":0.5602779388427734,"z":1.7927255630493165},"rotation":{"x":-0.05189238116145134,"y":-0.9380446672439575,"z":0.16083481907844544,"w":-0.30257245898246767},"size":6.661186695098877,"orthographic":false}